FIGHTER,STRIKES,TD_ATTEMPT,SUB_ATTEMPT,WINNER
Chan Sung Jung,46,0,0,1
Frankie Edgar,9,0,0,0
Volkan Oezdemir,63,0,0,1
Aleksandar Rakic,75,1,1,0
Charles Jourdain,64,0,0,1
Dooho Choi,42,0,0,0
Da-Un Jung,5,0,0,1
Mike Rodriguez,4,0,0,0
Junyong Park,77,5,0,1
Marc-Andre Barriault,51,0,0,0
Kyung Ho Kang,20,3,0,1
Liu Pingyuan,25,0,0,0
Ciryl Gane,65,0,0,1
Tanner Boser,32,0,0,0
SeungWoo Choi,95,0,0,1
Suman Mokhtarian,33,0,0,0
Omar Morales,32,1,0,1
Dong Hyun Ma,15,0,0,0
Alexandre Pantoja,34,1,0,1
Matt Schnell,20,0,0,0
Raoni Barcelos,42,2,0,1
Said Nurmagomedov,55,0,0,0
Amanda Lemos,8,1,1,1
Miranda Granger,4,0,0,0
Heili Alateng,47,4,0,1
Ryan Benoit,68,0,0,0
Kamaru Usman,175,0,0,1
Colby Covington,143,0,0,0
Alexander Volkanovski,157,0,0,1
Max Holloway,134,0,0,0
Amanda Nunes,79,8,2,1
Germaine de Randamie,40,0,1,0
Marlon Moraes,59,1,0,1
Jose Aldo,58,0,0,0
Petr Yan,54,2,0,1
Urijah Faber,18,0,0,0
Geoff Neal,15,0,0,1
Mike Perry,5,0,0,0
Irene Aldana,26,0,0,1
Ketlen Vieira,20,0,0,0
Omari Akhmedov,55,2,0,1
Ian Heinisch,53,3,0,0
Matt Brown,30,2,0,1
Ben Saunders,12,0,4,0
Chase Hooper,20,1,2,1
Daniel Teymur,2,0,1,0
Brandon Moreno,91,0,0,1
Kai Kara-France,82,0,0,0
Jessica Eye,98,0,0,1
Viviane Araujo,56,2,0,0
Punahele Soriano,26,1,0,1
Oskar Piechota,8,0,0,0
Jairzinho Rozenstruik,89,0,0,1
Alistair Overeem,74,2,0,0
Marina Rodriguez,56,0,0,1
Cynthia Calvillo,78,3,0,0
Ben Rothwell,58,0,0,1
Stefan Struve,53,0,0,0
Aspen Ladd,47,2,0,1
Yana Kunitskaya,47,0,0,0
Cody Stamann,41,5,0,1
Song Yadong,30,0,0,0
Rob Font,90,1,0,1
Ricky Simon,59,6,0,0
Tim Means,23,0,1,1
Thiago Alves,13,0,0,0
Billy Quarantillo,74,1,5,1
Jacob Kilburn,3,0,0,0
Bryce Mitchell,6,1,1,1
Matt Sayles,2,0,0,0
Joe Solecki,56,4,0,1
Matt Wiman,10,0,0,0
Virna Jandiroba,7,3,3,1
Mallory Martin,9,0,0,0
Makhmud Muradov,91,1,1,1
Trevor Smith,39,0,0,0
Jan Blachowicz,71,0,0,1
Jacare Souza,20,0,0,0
Mauricio Rua,25,1,0,1
Paul Craig,51,1,1,0
Charles Oliveira,10,0,0,1
Jared Gordon,7,0,0,0
Andre Muniz,22,3,2,1
Antonio Arroyo,29,1,0,0
Wellington Turman,48,2,0,1
Markus Perez,49,0,0,0
James Krause,102,0,0,1
Sergio Moraes,41,1,0,0
Ricardo Ramos,10,2,1,1
Eduardo Garagorri,6,0,0,0
Francisco Trinaldo,31,1,1,1
Bobby Green,50,2,0,0
Randy Brown,16,1,1,1
Warlley Alves,3,3,2,0
Douglas Silva de Andrade,74,0,0,1
Renan Barao,58,2,0,0
Ariane Lipski,31,0,1,1
Isabela de Padua,15,2,1,0
Tracy Cortez,79,2,0,1
Vanessa Melo,40,0,0,0
Zabit Magomedsharipov,96,1,0,1
Calvin Kattar,80,0,0,0
Alexander Volkov,86,0,0,1
Greg Hardy,46,0,0,0
Danny Roberts,37,1,0,1
Zelim Imadaev,28,1,0,0
Ed Herman,81,0,0,1
Khadis Ibragimov,53,2,0,0
Anthony Rocco Martin,41,0,2,1
Ramazan Emeev,30,0,0,0
Shamil Gamzatov,64,0,0,1
Klidson Abreu,32,1,0,0
Magomed Ankalaev,44,1,0,1
Dalcha Lungiambula,6,0,0,0
Rustam Khabilov,12,4,0,1
Sergey Khandozhko,25,0,0,0
Karl Roberson,43,1,1,1
Roman Kopylov,37,0,0,0
David Zawada,2,0,2,1
Abubakar Nurmagomedov,4,1,0,0
Roosevelt Roberts,28,0,0,1
Alexander Yakovlev,20,3,0,0
Pannie Kianzad,98,0,0,1
Jessica-Rose Clark,65,0,0,0
Davey Grant,30,6,0,1
Grigorii Popov,35,0,0,0
Jorge Masvidal,112,1,0,1
Nate Diaz,43,0,0,0
Darren Till,36,1,0,1
Kelvin Gastelum,40,1,0,0
Stephen Thompson,138,0,0,1
Vicente Luque,77,0,0,0
Derrick Lewis,31,1,0,1
Blagoy Ivanov,20,3,1,0
Kevin Lee,21,0,0,1
Gregor Gillespie,9,0,0,0
Corey Anderson,22,1,0,1
Johnny Walker,1,0,0,0
Shane Burgos,105,0,0,1
Makwan Amirkhani,22,3,1,0
Edmen Shahbazyan,14,0,0,1
Brad Tavares,3,0,0,0
Jairzinho Rozenstruik,5,0,0,1
Andrei Arlovski,4,0,0,0
Katlyn Chookagian,73,0,0,1
Jennifer Maia,58,1,0,0
Lyman Good,68,0,0,1
Chance Rencountre,23,0,0,0
Hakeem Dawodu,55,0,0,1
Julio Arce,32,1,0,0
Demian Maia,69,0,1,1
Ben Askren,63,4,0,0
Stevie Ray,85,1,0,1
Michael Johnson,78,0,0,0
Beneil Dariush,13,2,1,1
Frank Camacho,3,0,0,0
Ciryl Gane,94,3,1,1
Don'Tale Mayes,32,0,0,0
Muslim Salikhov,63,3,0,1
Laureano Staropoli,42,0,0,0
Randa Markos,78,0,0,1
Ashley Yoder,44,2,0,0
Rafael Fiziev,66,1,0,1
Alex White,55,0,0,0
Movsar Evloev,71,4,0,1
Enrique Barzola,78,1,0,0
Sergei Pavlovich,20,0,0,1
Maurice Greene,8,0,0,0
Loma Lookboonmee,99,1,0,1
Alexandra Albu,65,1,0,0
Raphael Pessoa,39,0,0,1
Jeff Hughes,34,0,0,0
Dominick Reyes,8,0,0,1
Chris Weidman,3,1,0,0
Yair Rodriguez,96,0,0,1
Jeremy Stephens,50,3,0,0
Greg Hardy,54,0,0,1
Ben Sosoli,26,0,0,0
Joe Lauzon,25,1,0,1
Jonathan Pearce,8,0,0,0
Maycee Barber,34,0,0,1
Gillian Robertson,12,0,0,0
Darren Stewart,57,1,0,1
Deron Winn,29,6,0,0
Charles Rosa,6,0,1,1
Manny Bermudez,27,1,0,0
Molly McCann,113,5,1,1
Diana Belbita,98,1,0,0
Sean Woodson,111,0,0,1
Kyle Bochniak,42,1,0,0
Randy Costa,22,0,0,1
Boston Salmon,12,0,0,0
Sean Brady,119,2,0,1
Court McGee,107,0,0,0
Brendan Allen,10,2,4,1
Kevin Holland,22,1,1,0
Tanner Boser,93,0,0,1
Daniel Spitz,32,0,0,0
Joanna Jedrzejczyk,180,3,1,1
Michelle Waterson,58,1,1,0
Cub Swanson,135,0,0,1
Kron Gracie,86,0,0,0
Niko Price,11,0,0,1
James Vick,9,0,0,0
Amanda Ribas,74,2,0,1
Mackenzie Dern,20,0,0,0
Matt Frevola,48,4,0,1
Luis Pena,51,1,2,0
Eryk Anders,64,0,0,1
Gerald Meerschaert,72,0,0,0
Ryan Spann,17,0,1,1
Devin Clark,17,2,0,0
Mike Davis,139,2,0,1
Thomas Gifford,88,0,0,0
Alex Morono,81,0,0,1
Max Griffin,75,4,0,0
Deiveson Figueiredo,8,0,1,1
Tim Elliott,26,1,0,0
Marlon Vera,80,0,2,1
Andre Ewell,50,0,0,0
Miguel Baeza,35,1,0,1
Hector Aldana,8,0,0,0
Marvin Vettori,85,0,0,1
Andrew Sanchez,39,0,0,0
JJ Aldrich,74,1,0,1
Lauren Mueller,54,1,0,0
Israel Adesanya,40,0,0,1
Robert Whittaker,32,0,0,0
Dan Hooker,98,0,0,1
Al Iaquinta,37,0,0,0
Serghei Spivac,23,6,1,1
Tai Tuivasa,21,0,0,0
Dhiego Lima,32,2,0,1
Luke Jumeau,24,0,0,0
Yorgan De Castro,4,0,0,1
Justin Tafa,6,0,0,0
Jake Matthews,59,0,0,1
Rostem Akman,15,0,0,0
Callan Potter,48,3,0,1
Maki Pitolo,60,0,1,0
Brad Riddell,91,1,0,1
Jamie Mullarkey,36,3,1,0
Megan Anderson,10,1,1,1
Zarah Fairn,2,0,0,0
Ji Yeon Kim,80,0,0,1
Nadia Kassem,45,1,0,0
Khalid Taha,38,0,1,1
Bruno Silva,20,2,0,0
Jared Cannonier,28,0,0,1
Jack Hermansson,20,1,0,0
Mark Madsen,22,1,0,1
Danilo Belluardo,0,0,0,0
Gilbert Burns,30,1,1,1
Gunnar Nelson,20,0,0,0
Ion Cutelaba,15,4,0,1
Khalil Rountree Jr.,5,0,0,0
Ovince Saint Preux,14,1,1,1
Michal Oleksiejczuk,37,0,0,0
Nicolas Dalby,31,1,0,1
Alex Oliveira,18,3,0,0
John Phillips,5,0,0,1
Alen Amedovski,2,0,0,0
Makhmud Muradov,54,0,0,1
Alessio Di Chirico,36,0,0,0
Ismail Naurdiev,69,3,0,1
Siyar Bahadurzada,12,0,0,0
Giga Chikadze,59,1,0,1
Brandon Davis,34,3,0,0
Lina Lansberg,21,2,0,1
Macy Chiasson,26,0,0,0
Marc Diakiese,40,4,0,1
Lando Vannata,25,0,0,0
Jack Shore,46,4,1,1
Nohelin Hernandez,6,0,0,0
Yair Rodriguez,2,0,0,1
Jeremy Stephens,0,0,0,0
Carla Esparza,44,4,0,1
Alexa Grasso,45,0,1,0
Brandon Moreno,34,1,0,1
Askar Askarov,30,4,0,0
Irene Aldana,125,0,0,1
Vanessa Melo,68,0,0,0
Steven Peterson,49,0,0,1
Martin Bravo,86,2,0,0
Jose Quinonez,60,2,0,1
Carlos Huachin,32,0,0,0
Kyle Nelson,12,0,0,1
Polo Reyes,6,0,0,0
Angela Hill,92,0,0,1
Ariane Carnelossi,72,0,0,0
Sergio Pettis,96,0,0,1
Tyson Nam,40,0,0,0
Paul Craig,18,1,1,1
Vinicius Moreira,1,0,0,0
Bethe Correia,59,0,0,1
Sijara Eubanks,77,1,0,0
Claudio Puelles,22,4,2,1
Marcos Mariano,2,0,0,0
Justin Gaethje,40,0,0,1
Donald Cerrone,17,0,0,0
Glover Teixeira,43,1,2,1
Nikita Krylov,47,2,1,0
Todd Duffee,30,1,0,1
Jeff Hughes,16,0,0,0
Tristan Connelly,64,0,1,1
Michel Pereira,32,2,0,0
Uriah Hall,34,0,0,1
Antonio Carlos Junior,22,3,0,0
Misha Cirkunov,6,1,1,1
Jimmy Crute,21,0,0,0
Augusto Sakai,15,0,0,1
Marcin Tybura,6,0,0,0
Miles Johns,31,1,0,1
Cole Smith,11,1,0,0
Hunter Azure,41,0,0,1
Brad Katona,21,3,0,0
Chas Skelly,21,1,3,1
Jordan Griffin,37,1,2,0
Louis Smolka,59,0,0,1
Ryan MacDonald,30,0,0,0
Austin Hubbard,51,3,0,1
Kyle Prepolec,44,0,0,0
Khabib Nurmagomedov,22,7,2,1
Dustin Poirier,12,0,1,0
Paul Felder,56,0,0,1
Edson Barboza,60,1,0,0
Islam Makhachev,43,0,0,1
Davi Ramos,7,0,0,0
Curtis Blaydes,25,5,0,1
Shamil Abdurakhimov,3,0,0,0
Diego Ferreira,109,0,0,1
Mairbek Taisumov,51,0,0,0
Joanne Calderwood,101,2,0,1
Andrea Lee,61,3,0,0
Zubaira Tukhugov,22,6,0,1
Lerone Murphy,28,0,2,0
Sarah Moras,44,0,1,1
Liana Jojua,19,2,0,0
Ottman Azaitar,27,0,0,1
Teemu Packalen,8,0,0,0
Belal Muhammad,49,2,1,1
Takashi Sato,29,1,0,0
Muslim Salikhov,10,0,0,1
Nordine Taleb,6,0,0,0
Omari Akhmedov,26,2,0,1
Zak Cummings,17,0,0,0
Don Madge,21,3,0,1
Fares Ziam,10,0,0,0
Weili Zhang,29,0,0,1
Jessica Andrade,4,0,0,0
Jingliang Li,59,2,0,1
Elizeu Zaleski dos Santos,54,0,0,0
Kai Kara-France,91,1,0,1
Mark De La Rosa,60,1,0,0
Kenan Song,58,0,0,1
Derrick Krantz,33,3,1,0
Mizuki Inoue,93,0,0,1
Yanan Wu,123,0,0,0
Anthony Hernandez,59,6,1,1
Junyong Park,81,0,0,0
Su Mudaerji,93,1,0,1
Andre Soukhamthath,23,0,0,0
Da-Un Jung,81,0,1,1
Khadis Ibragimov,88,1,0,0
Damir Ismagulov,71,0,0,1
Thiago Moises,36,0,0,0
Heili Alateng,36,3,0,1
Danaa Batgerel,85,0,0,0
Karol Rosa,171,0,0,1
Lara Procopio,165,0,0,0
Stipe Miocic,123,1,0,1
Daniel Cormier,181,1,0,0
Nate Diaz,114,1,0,1
Anthony Pettis,69,0,1,0
Paulo Costa,118,0,0,1
Yoel Romero,125,1,0,0
Sodiq Yusuff,34,0,0,1
Gabriel Benitez,24,0,0,0
Derek Brunson,81,2,0,1
Ian Heinisch,58,0,0,0
Khama Worthy,21,0,0,1
Devonte Smith,15,0,0,0
Cory Sandhagen,62,0,0,1
Raphael Assuncao,45,4,0,0
Drakkar Klose,99,2,0,1
Christos Giagos,87,2,1,0
Casey Kenney,43,2,1,1
Manny Bermudez,37,3,0,0
Hannah Cifers,70,1,1,1
Jodie Esquibel,43,3,0,0
Kyung Ho Kang,50,3,0,1
Brandon Davis,77,1,0,0
Sabina Mazo,108,4,0,1
Shana Dobson,33,0,0,0
Valentina Shevchenko,42,1,0,1
Liz Carmouche,18,0,0,0
Vicente Luque,84,0,1,1
Mike Perry,87,0,0,0
Eduardo Garagorri,65,1,0,1
Humberto Bandenay,32,4,0,0
Volkan Oezdemir,64,0,0,1
Ilir Latifi,18,1,0,0
Rodolfo Vieira,18,3,1,1
Oskar Piechota,22,0,0,0
Enrique Barzola,83,3,0,1
Bobby Moffett,90,0,0,0
Gilbert Burns,42,3,0,1
Aleksei Kunchenko,47,0,0,0
Ciryl Gane,15,0,1,1
Raphael Pessoa,7,0,0,0
Marina Rodriguez,84,1,1,1
Tecia Torres,41,0,0,0
Rogerio Bontorin,8,2,0,1
Raulian Paiva,3,0,0,0
Chris Gutierrez,48,1,0,1
Geraldo de Freitas,40,2,0,0
Alex Da Silva,17,3,0,1
Kazula Vargas,20,0,0,0
Veronica Macedo,1,0,1,1
Polyana Viana,1,1,0,0
Colby Covington,179,10,0,1
Robbie Lawler,78,0,0,0
Jim Miller,2,0,1,1
Clay Guida,2,0,0,0
Nasrat Haqparast,21,0,0,1
Joaquim Silva,15,0,0,0
Gerald Meerschaert,6,1,1,1
Trevin Giles,8,1,0,0
Scott Holtzman,44,1,0,1
Dong Hyun Ma,16,1,0,0
Kennedy Nzechukwu,50,0,0,1
Darko Stosic,60,4,0,0
Mickey Gall,50,1,0,1
Salim Touahri,48,0,0,0
Antonina Shevchenko,16,0,3,1
Lucie Pudilova,6,1,0,0
Matt Schnell,3,0,1,1
Jordan Espinosa,5,0,0,0
Lauren Murphy,24,0,0,1
Mara Romero Borella,22,1,0,0
Claudio Silva,32,1,1,1
Cole Williams,2,0,0,0
Miranda Granger,61,0,0,1
Hannah Goldy,55,0,0,0
Max Holloway,129,0,0,1
Frankie Edgar,96,1,0,0
Cris Cyborg,122,0,0,1
Felicia Spencer,38,0,0,0
Geoff Neal,41,2,0,1
Niko Price,24,0,0,0
Arman Tsarukyan,47,2,0,1
Olivier Aubin-Mercier,23,0,0,0
Krzysztof Jotko,40,1,0,1
Marc-Andre Barriault,39,1,0,0
Viviane Araujo,67,2,0,1
Alexis Davis,68,0,0,0
Hakeem Dawodu,80,0,0,1
Yoshinori Horie,39,0,0,0
Gavin Tucker,37,5,2,1
SeungWoo Choi,23,2,0,0
Deiveson Figueiredo,67,2,0,1
Alexandre Pantoja,61,2,0,0
Gillian Robertson,29,2,0,1
Sarah Frota,9,0,0,0
Erik Koch,37,4,0,1
Kyle Stewart,23,0,0,0
Leon Edwards,92,3,0,1
Rafael Dos Anjos,81,0,0,0
Walt Harris,4,0,0,1
Aleksei Oleinik,1,0,0,0
Greg Hardy,36,0,0,1
Juan Adams,3,0,0,0
Dan Hooker,22,0,0,1
James Vick,7,0,0,0
Alexander Hernandez,25,0,0,1
Francisco Trinaldo,25,0,0,0
Andrei Arlovski,152,0,0,1
Ben Rothwell,70,0,0,0
Alex Caceres,94,0,0,1
Steven Peterson,67,2,0,0
Raquel Pennington,47,1,0,1
Irene Aldana,52,0,0,0
Klidson Abreu,36,1,0,1
Sam Alvey,28,0,0,0
Jennifer Maia,83,0,0,1
Roxanne Modafferi,29,0,0,0
Ray Borg,15,6,1,1
Gabriel Silva,8,1,0,0
Mario Bautista,129,0,0,1
Jinsoo Son,95,2,0,0
Felipe Colares,23,2,0,1
Domingo Pilarte,11,2,1,0
Germaine de Randamie,4,0,0,1
Aspen Ladd,0,0,0,0
Urijah Faber,11,0,0,1
Ricky Simon,4,0,0,0
Josh Emmett,27,0,0,1
Mirsad Bektic,10,0,0,0
Karl Roberson,50,0,0,1
Wellington Turman,25,4,2,0
Marvin Vettori,78,2,0,1
Cezar Ferreira,39,0,0,0
Mike Rodriguez,70,0,0,1
John Allan,55,4,3,0
Andre Fili,19,0,0,1
Sheymon Moraes,11,0,0,0
Julianna Pena,45,2,0,1
Nicco Montano,38,3,0,0
Ryan Hall,36,0,1,1
Darren Elkins,29,0,0,0
Jonathan Martinez,32,0,0,1
Liu Pingyuan,27,0,0,0
Brianna Van Buren,72,3,0,1
Livinha Souza,23,2,0,0
Benito Lopez,54,0,0,1
Vince Morales,64,0,0,0
Jon Jones,59,0,0,1
Thiago Santos,43,0,0,0
Amanda Nunes,17,0,0,1
Holly Holm,11,0,0,0
Jorge Masvidal,3,0,0,1
Ben Askren,0,0,0,0
Jan Blachowicz,30,0,0,1
Luke Rockhold,14,0,0,0
Michael Chiesa,47,5,0,1
Diego Sanchez,7,1,0,0
Arnold Allen,102,1,0,1
Gilbert Melendez,23,0,0,0
Marlon Vera,10,1,1,1
Nohelin Hernandez,22,1,0,0
Claudia Gadelha,40,0,0,1
Randa Markos,25,0,0,0
Song Yadong,8,0,0,1
Alejandro Perez,1,0,0,0
Edmen Shahbazyan,13,1,1,1
Jack Marshman,0,0,0,0
Chance Rencountre,4,2,0,1
Ismail Naurdiev,21,2,0,0
Julia Avila,49,0,0,1
Pannie Kianzad,33,1,0,0
Francis Ngannou,9,0,0,1
Junior Dos Santos,4,0,0,0
Joseph Benavidez,50,0,0,1
Jussier Formiga,15,1,0,0
Demian Maia,3,3,0,1
Anthony Rocco Martin,22,0,0,0
Vinc Pichel,60,3,1,1
Roosevelt Roberts,31,2,0,0
Drew Dober,16,0,0,1
Polo Reyes,5,0,0,0
Alonzo Menifield,8,0,0,1
Paul Craig,7,0,0,0
Ricardo Ramos,40,3,0,1
Journey Newson,38,0,1,0
Eryk Anders,11,0,0,1
Vinicius Moreira,2,0,0,0
Jared Gordon,48,2,0,1
Dan Moret,34,2,1,0
Dalcha Lungiambula,32,4,0,1
Dequan Townsend,13,0,0,0
Amanda Ribas,21,2,2,1
Emily Whitmire,7,0,0,0
Maurice Greene,37,0,0,1
Junior Albini,19,0,0,0
Chan Sung Jung,16,0,0,1
Renato Moicano,0,0,0,0
Randy Brown,89,0,0,1
Bryan Barberena,47,0,0,0
Andre Ewell,73,0,0,1
Anderson Dos Santos,35,2,0,0
Andrea Lee,73,1,0,1
Montana De La Rosa,14,5,1,0
Kevin Holland,58,0,0,1
Alessio Di Chirico,51,2,0,0
Dan Ige,71,1,0,1
Kevin Aguilar,33,1,0,0
Ashley Yoder,75,1,0,1
Syuri Kondo,23,0,1,0
Luis Pena,87,1,1,1
Matt Wiman,24,1,0,0
Jairzinho Rozenstruik,4,0,0,1
Allen Crowder,0,0,0,0
Molly McCann,108,2,0,1
Ariane Lipski,68,0,0,0
Deron Winn,169,0,0,1
Eric Spicely,108,0,0,0
Henry Cejudo,90,1,1,1
Marlon Moraes,57,0,0,0
Valentina Shevchenko,8,2,1,1
Jessica Eye,2,0,0,0
Tony Ferguson,104,0,0,1
Donald Cerrone,68,1,0,0
Petr Yan,56,1,0,1
Jimmie Rivera,73,0,0,0
Blagoy Ivanov,73,2,0,1
Tai Tuivasa,64,0,0,0
Tatiana Suarez,75,4,0,1
Nina Ansaroff,48,0,0,0
Aljamain Sterling,174,0,0,1
Pedro Munhoz,105,0,0,0
Alexa Grasso,148,0,1,1
Karolina Kowalkiewicz,90,0,0,0
Calvin Kattar,22,0,0,1
Ricardo Lamas,12,0,0,0
Xiaonan Yan,94,1,0,1
Angela Hill,71,1,1,0
Darren Stewart,30,0,0,1
Bevon Lewis,31,0,0,0
Eddie Wineland,74,0,0,1
Grigorii Popov,55,0,0,0
Katlyn Chookagian,82,0,0,1
Joanne Calderwood,112,3,0,0
Anthony Smith,49,0,1,1
Alexander Gustafsson,72,1,0,0
Aleksandar Rakic,2,0,0,1
Jimi Manuwa,2,0,0,0
Makwan Amirkhani,9,1,1,1
Chris Fishgold,16,0,0,0
Christos Giagos,47,6,0,1
Damir Hadzovic,24,1,0,0
Daniel Teymur,40,1,0,1
Sung Bin Jo,21,1,1,0
Sergey Khandozhko,60,1,0,1
Rostem Akman,39,2,0,0
Lina Lansberg,50,1,0,1
Tonya Evinger,6,1,0,0
Leonardo Santos,12,0,0,1
Stevie Ray,2,0,0,0
Frank Camacho,100,0,0,1
Nick Hein,37,1,0,0
Bea Malecki,19,0,2,1
Duda Santana,42,3,0,0
Devin Clark,40,2,0,1
Darko Stosic,26,1,0,0
Joel Alvarez,19,0,0,1
Danilo Belluardo,13,2,0,0
Rafael Dos Anjos,60,4,1,1
Kevin Lee,35,6,0,0
Ian Heinisch,39,1,0,1
Antonio Carlos Junior,15,4,0,0
Felicia Spencer,22,1,1,1
Megan Anderson,3,0,0,0
Vicente Luque,18,0,0,1
Derrick Krantz,6,1,0,0
Charles Oliveira,38,0,1,1
Nik Lentz,18,2,0,0
Davi Ramos,63,3,0,1
Austin Hubbard,44,0,0,0
Aspen Ladd,69,3,3,1
Sijara Eubanks,77,2,0,0
Desmond Green,78,4,0,1
Charles Jourdain,55,0,0,0
Michel Pereira,6,0,0,1
Danny Roberts,2,0,0,0
Grant Dawson,27,3,1,1
Michael Trizano,20,0,0,0
Ed Herman,11,0,0,1
Patrick Cummins,22,1,0,0
Zak Cummings,34,0,1,1
Trevin Giles,31,0,0,0
Julio Arce,74,1,0,1
Julian Erosa,43,0,0,0
Jessica Andrade,47,2,0,1
Rose Namajunas,55,0,1,0
Jared Cannonier,17,0,0,1
Anderson Silva,8,0,0,0
Alexander Volkanovski,95,0,0,1
Jose Aldo,29,0,0,0
Laureano Staropoli,54,1,0,1
Thiago Alves,58,1,0,0
Irene Aldana,83,0,1,1
Bethe Correia,81,0,0,0
Ryan Spann,13,1,1,1
Rogerio Nogueira,6,0,0,0
Thiago Moises,66,4,1,1
Kurt Holobaugh,39,2,0,0
Warlley Alves,72,0,0,1
Sergio Moraes,20,0,0,0
Clay Guida,80,1,0,1
BJ Penn,64,0,0,0
Luana Carolina,111,0,3,1
Priscila Cachoeira,69,0,0,0
Raoni Barcelos,59,0,1,1
Carlos Huachin,20,0,0,0
Viviane Araujo,61,3,0,1
Talita Bernardo,46,0,0,0
Donald Cerrone,138,0,0,1
Al Iaquinta,90,0,0,0
Derek Brunson,56,4,0,1
Elias Theodorou,65,0,0,0
Shane Burgos,134,0,0,1
Cub Swanson,129,0,0,0
Merab Dvalishvili,55,5,0,1
Brad Katona,32,0,0,0
Walt Harris,17,0,0,1
Serghei Spivac,1,0,0,0
Andrew Sanchez,72,2,0,1
Marc-Andre Barriault,69,0,0,0
Macy Chiasson,43,0,0,1
Sarah Moras,9,1,1,0
Vince Morales,59,0,0,1
Aiemann Zahabi,28,1,0,0
Nordine Taleb,90,0,0,1
Kyle Prepolec,52,0,0,0
Matt Sayles,75,0,1,1
Kyle Nelson,26,2,4,0
Arjan Bhullar,41,2,0,1
Juan Adams,81,0,0,0
Cole Smith,38,2,2,1
Mitch Gagnon,15,0,2,0
Jack Hermansson,148,3,1,1
Jacare Souza,90,0,0,0
Greg Hardy,14,0,0,1
Dmitrii Smoliakov,1,0,0,0
Mike Perry,65,0,0,1
Alex Oliveira,48,0,0,0
Glover Teixeira,30,0,1,1
Ion Cutelaba,74,0,0,0
Cory Sandhagen,120,2,0,1
John Lineker,106,1,1,0
Roosevelt Roberts,53,2,0,1
Thomas Gifford,30,1,0,0
Takashi Sato,28,0,0,1
Ben Saunders,46,0,0,0
Augusto Sakai,42,0,0,1
Andrei Arlovski,75,0,0,0
Carla Esparza,25,4,0,1
Virna Jandiroba,17,3,0,0
Gilbert Burns,49,3,1,1
Mike Davis,13,0,0,0
Jim Miller,6,2,1,1
Jason Gonzalez,10,0,0,0
Angela Hill,117,0,0,1
Jodie Esquibel,57,0,0,0
Dhiego Lima,65,0,0,1
Court McGee,65,0,0,0
Alistair Overeem,29,0,0,1
Aleksei Oleinik,38,0,0,0
Islam Makhachev,14,4,0,1
Arman Tsarukyan,13,1,0,0
Sergei Pavlovich,17,0,0,1
Marcelo Golm,5,0,0,0
Roxanne Modafferi,33,5,0,1
Antonina Shevchenko,64,0,0,0
Krzysztof Jotko,43,4,0,1
Alen Amedovski,6,0,0,0
Movsar Evloev,50,5,0,1
SeungWoo Choi,26,0,0,0
Sultan Aliev,25,2,0,1
Keita Nakamura,29,0,0,0
Alexander Yakovlev,14,1,1,1
Alex Da Silva,8,1,0,0
Shamil Abdurakhimov,36,0,0,1
Marcin Tybura,28,0,0,0
Michal Oleksiejczuk,8,0,0,1
Gadzhimurad Antigulov,6,0,0,0
Magomed Mustafaev,10,0,0,1
Rafael Fiziev,1,0,0,0
Dustin Poirier,178,1,0,1
Max Holloway,181,0,1,0
Israel Adesanya,109,0,2,1
Kelvin Gastelum,91,1,0,0
Khalil Rountree Jr.,79,0,0,1
Eryk Anders,16,0,0,0
Dwight Grant,38,0,0,1
Alan Jouban,24,1,0,0
Nikita Krylov,27,1,2,1
Ovince Saint Preux,4,3,0,0
Matt Frevola,31,4,2,1
Jalin Turner,35,0,1,0
Alexandre Pantoja,23,0,0,1
Wilson Reis,1,1,0,0
Max Griffin,47,6,3,1
Zelim Imadaev,64,0,0,0
Khalid Taha,5,0,0,1
Boston Salmon,0,0,0,0
Belal Muhammad,47,2,0,1
Curtis Millender,48,0,0,0
Montel Jackson,64,3,0,1
Andre Soukhamthath,30,1,0,0
Poliana Botelho,47,2,0,1
Lauren Mueller,47,0,0,0
Brandon Davis,35,0,1,1
Randy Costa,46,0,0,0
Justin Gaethje,20,0,0,1
Edson Barboza,13,0,0,0
Jack Hermansson,3,1,1,1
David Branch,1,0,0,0
Josh Emmett,22,0,0,1
Michael Johnson,24,0,0,0
Michelle Waterson,64,2,1,1
Karolina Kowalkiewicz,57,0,0,0
Paul Craig,25,1,2,1
Kennedy Nzechukwu,40,0,0,0
Sodiq Yusuff,73,0,0,1
Sheymon Moraes,54,0,0,0
Marina Rodriguez,118,0,0,1
Jessica Aguilar,50,0,1,0
Desmond Green,25,1,0,1
Ross Pearson,12,0,0,0
Kevin Aguilar,58,0,0,1
Enrique Barzola,52,0,0,0
Kevin Holland,27,1,2,1
Gerald Meerschaert,10,6,4,0
Casey Kenney,32,2,0,1
Ray Borg,17,7,0,0
Maryna Moroz,56,1,0,1
Sabina Mazo,64,0,0,0
Alex Perez,60,2,0,1
Mark De La Rosa,26,0,0,0
Anthony Pettis,32,0,0,1
Stephen Thompson,47,0,0,0
Curtis Blaydes,22,7,0,1
Justin Willis,2,0,0,0
John Makdessi,73,0,0,1
Jesus Pinedo,37,0,0,0
Jussier Formiga,26,3,0,1
Deiveson Figueiredo,14,0,0,0
Luis Pena,52,1,0,1
Steven Peterson,34,4,1,0
Maycee Barber,55,0,0,1
JJ Aldrich,25,0,0,0
Bryce Mitchell,17,0,2,1
Bobby Moffett,9,5,2,0
Marlon Vera,12,0,0,1
Frankie Saenz,4,0,0,0
Jennifer Maia,60,0,0,1
Alexis Davis,72,1,0,0
Randa Markos,13,1,1,1
Angela Hill,2,0,0,0
Chris Gutierrez,69,0,0,1
Ryan MacDonald,15,0,0,0
Jordan Espinosa,47,1,0,1
Eric Shelton,25,0,0,0
Jorge Masvidal,35,1,0,1
Darren Till,21,1,0,0
Leon Edwards,31,2,0,1
Gunnar Nelson,9,3,0,0
Dominick Reyes,44,0,0,1
Volkan Oezdemir,35,1,0,0
Nathaniel Wood,30,2,2,1
Jose Quinonez,34,1,0,0
Claudio Silva,19,3,4,1
Danny Roberts,26,0,0,0
Jack Marshman,31,0,0,1
John Phillips,32,0,0,0
Arnold Allen,37,0,0,1
Jordan Rinaldi,30,0,0,0
Marc Diakiese,63,3,0,1
Joe Duffy,15,1,0,0
Saparbeg Safarov,70,3,0,1
Nicolae Negumereanu,11,0,0,0
Dan Ige,10,1,1,1
Danny Henry,4,0,0,0
Molly McCann,107,2,2,1
Priscila Cachoeira,75,0,0,0
Mike Grundy,33,1,0,1
Nad Narimani,22,0,0,0
Junior Dos Santos,29,0,0,1
Derrick Lewis,7,0,0,0
Elizeu Zaleski dos Santos,6,1,1,1
Curtis Millender,0,0,0,0
Niko Price,32,0,0,1
Tim Means,31,1,0,0
Blagoy Ivanov,72,0,0,1
Ben Rothwell,70,0,0,0
Beneil Dariush,37,2,1,1
Drew Dober,31,0,0,0
Omari Akhmedov,52,0,0,1
Tim Boetsch,41,0,0,0
Anthony Rocco Martin,50,0,0,1
Sergio Moraes,19,3,0,0
Yana Kunitskaya,98,1,0,1
Marion Reneau,58,1,0,0
Grant Dawson,57,6,1,1
Julian Erosa,49,0,1,0
Maurice Greene,70,0,0,1
Jeff Hughes,66,0,0,0
Matt Schnell,14,1,2,1
Louis Smolka,13,0,0,0
Alex Morono,25,0,1,1
Zak Ottow,10,1,0,0
Alex White,49,2,3,1
Dan Moret,42,1,0,0
Jon Jones,125,3,0,1
Anthony Smith,36,0,0,0
Kamaru Usman,141,2,0,1
Tyron Woodley,34,0,0,0
Ben Askren,0,1,1,1
Robbie Lawler,26,1,0,0
Weili Zhang,63,2,0,1
Tecia Torres,30,0,0,0
Pedro Munhoz,25,0,0,1
Cody Garbrandt,21,0,0,0
Zabit Magomedsharipov,70,3,0,1
Jeremy Stephens,41,0,0,0
Johnny Walker,4,0,0,1
Misha Cirkunov,1,0,0,0
Cody Stamann,48,0,0,1
Alejandro Perez,41,1,0,0
Diego Sanchez,56,4,0,1
Mickey Gall,23,0,0,0
Edmen Shahbazyan,13,0,0,1
Charles Byrd,1,0,0,0
Macy Chiasson,25,0,0,1
Gina Mazany,14,0,0,0
Hannah Cifers,67,0,0,1
Polyana Viana,77,0,0,0
Thiago Santos,52,1,0,1
Jan Blachowicz,20,0,0,0
Stefan Struve,0,1,1,1
Marcos Rogerio de Lima,25,0,0,0
Michal Oleksiejczuk,14,0,0,1
Gian Villante,9,0,0,0
Liz Carmouche,14,3,2,1
Lucie Pudilova,33,0,2,0
Petr Yan,80,2,0,1
John Dodson,30,2,0,0
Magomed Ankalaev,30,1,0,1
Klidson Abreu,23,0,0,0
Dwight Grant,20,0,0,1
Carlo Pedersoli,17,1,0,0
Chris Fishgold,14,5,2,1
Daniel Teymur,17,1,0,0
Gillian Robertson,5,2,1,1
Veronica Macedo,23,1,0,0
Damir Hadzovic,58,2,0,1
Polo Reyes,24,0,0,0
Ismail Naurdiev,63,0,1,1
Michel Prazeres,15,3,0,0
Diego Ferreira,83,0,1,1
Rustam Khabilov,43,3,0,0
Damir Ismagulov,64,0,0,1
Joel Alvarez,38,0,0,0
Francis Ngannou,6,0,0,1
Cain Velasquez,1,0,0,0
Paul Felder,55,0,0,1
James Vick,61,0,0,0
Cynthia Calvillo,82,0,0,1
Cortney Casey,73,0,0,0
Kron Gracie,2,1,1,1
Alex Caceres,4,0,0,0
Vicente Luque,163,0,2,1
Bryan Barberena,169,0,0,0
Andre Fili,98,0,0,1
Myles Jury,76,0,0,0
Aljamain Sterling,101,0,0,1
Jimmie Rivera,24,0,0,0
Manny Bermudez,7,1,1,1
Benito Lopez,7,0,0,0
Andrea Lee,111,0,0,1
Ashlee Evans-Smith,66,2,0,0
Nik Lentz,71,5,1,1
Scott Holtzman,54,0,0,0
Luke Sanders,39,0,0,1
Renan Barao,40,0,0,0
Emily Whitmire,3,1,1,1
Alexandra Albu,2,0,0,0
Israel Adesanya,65,0,0,1
Anderson Silva,31,0,0,0
Lando Vannata,20,1,1,1
Marcos Mariano,3,0,0,0
Ricky Simon,54,4,0,1
Rani Yahya,47,0,0,0
Montana De La Rosa,21,2,3,1
Nadia Kassem,5,0,0,0
Jimmy Crute,14,0,0,1
Sam Alvey,3,0,0,0
Devonte Smith,19,0,0,1
Dong Hyun Ma,1,0,0,0
Shane Young,120,0,0,1
Austin Arnett,77,0,0,0
Kai Kara-France,58,2,0,1
Raulian Paiva,67,0,1,0
Kyung Ho Kang,26,1,1,1
Teruto Ishihara,17,0,0,0
Jalin Turner,9,0,0,1
Callan Potter,3,0,0,0
Jonathan Martinez,47,1,0,1
Wuliji Buren,17,3,1,0
Marlon Moraes,10,0,1,1
Raphael Assuncao,2,0,0,0
Jose Aldo,26,0,0,1
Renato Moicano,24,0,0,0
Demian Maia,0,2,2,1
Lyman Good,0,0,0,0
Charles Oliveira,28,1,1,1
David Teymur,26,0,0,0
Johnny Walker,7,0,0,1
Justin Ledet,0,0,0,0
Livinha Souza,23,4,3,1
Sarah Frota,32,0,0,0
Markus Perez,16,1,1,1
Anthony Hernandez,17,0,0,0
Mara Romero Borella,29,2,0,1
Taila Santos,36,1,2,0
Thiago Alves,83,0,0,1
Max Griffin,112,2,0,0
Jairzinho Rozenstruik,19,0,0,1
Junior Albini,18,2,0,0
Geraldo de Freitas,49,6,0,1
Felipe Colares,21,3,0,0
Said Nurmagomedov,17,0,0,1
Ricardo Ramos,2,0,0,0
Rogerio Bontorin,40,1,2,1
Magomed Bibulatov,58,4,0,0
Henry Cejudo,18,0,0,1
TJ Dillashaw,1,0,0,0
Allen Crowder,12,1,1,1
Greg Hardy,29,0,0,0
Gregor Gillespie,51,6,0,1
Yancy Medeiros,1,0,0,0
Joseph Benavidez,21,7,0,1
Dustin Ortiz,49,3,0,0
Paige VanZant,17,0,2,1
Rachael Ostovich,10,4,0,0
Glover Teixeira,6,1,1,1
Karl Roberson,24,0,0,0
Donald Cerrone,80,1,0,1
Alexander Hernandez,49,0,0,0
Joanne Calderwood,85,1,2,1
Ariane Lipski,53,1,0,0
Alonzo Menifield,33,0,0,1
Vinicius Moreira,11,0,0,0
Cory Sandhagen,17,1,2,1
Mario Bautista,9,1,0,0
Dennis Bermudez,63,5,2,1
Te Edwards,23,0,0,0
Geoff Neal,71,0,0,1
Belal Muhammad,63,0,0,0
Chance Rencountre,6,2,1,1
Kyle Stewart,2,0,0,0